sample_id,time,anomaly,anomaly_type,flow,vol,paw,data_modality,description
0,4.679726387149968,0,normal,1.3267622461170987,105.65257886218568,9.498866284562569,,
0,4.841328976700156,0,normal,1.3267622461170987,83.97318838366891,9.498866284562569,,
0,5.027209170498206,0,normal,1.3267622461170987,70.61199904646757,9.498866284562569,,
0,5.043010752688172,0,normal,1.3267622461170987,69.47617103190855,9.473954045355882,,
0,5.0439734937551535,0,normal,1.32661516067631,69.40696857727471,9.472436220402251,,
0,5.190086288341627,0,normal,1.3042923726144904,53.7120853997171,9.242079737985762,,
0,5.21505376344086,0,normal,1.300477897252108,51.03017375720775,9.274955289130286,,
0,5.246251565028859,0,normal,2.359556600604701,47.67902403273592,9.316034529927624,,
0,5.322580645161291,0,normal,4.950716845878134,47.587910491136384,9.416539709876128,,
0,5.374126094350319,0,normal,2.0133421511201,47.52638101350082,9.484411412735398,,
0,5.38709677419355,0,normal,1.2741935483871174,47.51089799476903,9.483870967741929,,
0,5.408953491922925,0,normal,1.2708543276229052,47.48480776865063,9.482960271169873,,
0,5.494623655913979,0,normal,1.2577658303464858,42.33911452260696,9.479390681003578,,
0,5.530613491312182,0,normal,1.5079451722464925,40.1774208324432,9.477891104528654,,
0,5.619008628834163,0,normal,2.122414149048598,36.17195380799191,9.47420797379857,,
0,5.623655913978494,0,normal,2.1547192353643965,35.96137042161265,9.474014336917556,,
0,5.692948972424956,0,normal,2.144132795879527,32.821479830213775,9.471127126148952,,
0,5.70967741935484,0,normal,2.141577060931908,31.32206977083663,9.470430107526871,,
0,5.782263651823392,0,normal,3.677481577124114,24.81599496354483,9.467405681174014,,
0,5.795698924731184,0,normal,3.9617682198327344,23.611759840412567,9.383780524570378,,
0,5.854918007756435,0,normal,4.313322776204865,18.303814089840216,9.01518324144125,,
0,5.86313535302639,0,normal,4.362105111616979,17.323566724329158,8.964036026957231,,
0,5.945518674812622,0,normal,4.851174355236836,7.496057779527865,9.460603388549472,,
0,5.946236559139784,0,normal,4.85543608124253,7.410421336452309,9.456135061802836,,
0,5.976211561364401,0,normal,4.212014332101616,3.834702415488664,9.269561683470169,,
0,6.02639037601562,0,normal,3.134912137053594,1.2438569080453168,8.957233734332675,,
0,6.0752688172043,0,normal,2.085722819593798,-1.2798473812000235,9.251849659662607,,
0,6.108773697801852,0,normal,2.080604018391394,-3.0097800226337066,9.453801095924916,,
0,6.118209301615416,0,normal,2.079162467808766,-3.496961553730216,9.424375177985407,,
0,6.1900233041506585,0,normal,2.068190884088104,-5.530777961407601,9.200415695660396,,
0,6.204301075268818,0,normal,2.066009557945052,-5.9351331587233975,9.199820788530474,,
0,6.290322580645162,0,normal,2.052867383512549,-8.371314723198385,9.196236559139797,,
0,6.292057693518927,0,normal,2.06492882786421,-8.420454179394337,9.196164262770054,,
0,6.374063110159348,0,normal,2.634980369927136,-10.742897658294702,9.442747370410018,,
0,6.382233487036981,0,normal,2.691775836972349,-10.974287721012388,9.402070783286954,,
0,6.419354838709678,0,normal,2.9498207885304737,-11.018599244405513,9.21726047183436,,
0,6.475341689236002,0,normal,2.9412672419222874,-11.085430394808611,8.938527429615164,,
0,6.524597673069289,0,normal,2.933742022169981,-11.144226952087138,9.382843393371608,,
0,6.526881720430108,0,normal,2.9333930704898563,-11.236505214568362,9.403446752098992,,
0,6.558102916168043,0,normal,3.59402489975018,-12.497879100550334,9.685079045159682,,
0,6.56989247311828,0,normal,3.843488649940269,-12.974191391378383,9.596955418629957,,
0,6.591397849462366,0,normal,2.006869772998812,-13.843034479783393,9.436208771293964,,
0,6.6590035900988855,0,normal,2.4768235672846206,-16.57438777250059,8.93087485041255,,
0,6.707270895043822,0,normal,2.8123483745754623,-18.524444987327115,9.046689666059944,,
0,6.720430107526882,0,normal,2.9038231780167365,-19.871051203939334,9.078264492322342,,
0,6.761415884612962,0,normal,3.1159388056097983,-24.0652005337602,9.176607671474455,,
0,6.843043396107577,0,normal,3.5383895204803637,-32.418292678653515,9.173206525162186,,
0,6.848902189513545,0,normal,3.568710810659516,-33.017833694689216,9.172962408770273,,
0,6.89247311827957,0,normal,3.794205495818403,-35.26749913284724,9.17114695340502,,
0,6.965484663349498,0,normal,3.3384627958382582,-39.037250069586776,9.168104805693773,,
0,6.990899929764559,0,normal,3.1798190892077374,-40.34949766390764,9.167045836259812,,
0,7.043010752688172,0,normal,2.85454002389487,-36.75459933205887,9.164874551971332,,
0,7.047112174844115,0,normal,2.883050604298332,-36.47166011061885,9.164703659381502,,
0,7.092955079854644,0,normal,3.201722464822909,-33.309158090817164,9.162793538339397,,
0,7.149146564212382,0,normal,3.592331324837459,-9.185497876156912,9.16045222649116,,
0,7.172043010752688,0,normal,3.751493428912781,0.6442139169151702,9.065417751953518,,
0,7.176138272208142,0,normal,3.8090546038144417,2.402357467859929,9.048419873272726,,
0,7.209989292687535,0,normal,4.284849502774794,20.901110187367053,8.907917112804682,,
0,7.271965736600112,0,normal,5.155962853323796,54.769717223043045,9.405334760974997,,
0,7.280758542767277,0,normal,5.279550628895611,59.57477020795841,9.806127542086072,,
0,7.301075268817204,0,normal,12.898446833930706,69.32072868832306,10.732202447163594,,
0,7.315802733513886,0,normal,17.290504083474474,76.38551162146753,11.40350821943693,,
0,7.318070164388738,0,normal,17.96670235770813,77.47320100159206,12.903413743150471,,
0,7.32258064516129,0,normal,19.311827956989266,79.63688417710718,13.369455645161324,,
0,7.342256093720476,0,normal,25.17948394952863,89.07522105624537,15.402405996094984,,
0,7.344086021505376,0,normal,32.14187574671446,89.9530396658913,16.612903225806882,,
0,7.346413050324367,0,normal,32.43908903865113,91.06931825313832,18.15223278956981,,
0,7.365591397849462,0,normal,37.63859020310633,100.2691951546754,19.22662657189727,,
0,7.385012367545121,0,normal,38.187502332698905,109.58545820991276,20.314612336076536,,
0,7.391005857529759,0,normal,38.35690166768137,112.86075353579976,20.65037475593627,,
0,7.413680166278265,0,normal,38.997765810781495,125.25170732934107,22.14942999307174,,
0,7.4148138817156894,0,normal,39.02980901793647,125.87125501901758,22.89938275492852,,
0,7.416325502298923,0,normal,39.072533294143135,126.69731860525354,23.89931977073754,,
0,7.4178371228821565,0,normal,39.11525757034981,127.5233821914895,24.89925678654658,,
0,7.430107526881722,0,normal,39.46206690561529,134.22885712671618,25.18865207373277,,
0,7.460162499212696,0,normal,39.45747517373139,150.65316260609686,25.89749322919948,,
0,7.473118279569892,0,normal,39.45549581839904,157.73317891644496,26.48804226918804,,
0,7.482080997669584,0,normal,39.3267812279118,162.63108460651972,26.89657995843044,,
0,7.489632638104254,0,normal,39.21833128055834,166.75787095001078,26.95718877990687,,
0,7.53763440860215,0,normal,38.528972520908,185.63004244125327,27.34244689221087,,
0,7.5440574415821615,0,normal,38.43673063061173,188.15529471081268,27.39399760660075,,
0,7.602150537634408,0,normal,37.60244922341697,210.99492874479645,27.744155075466125,,
0,7.626440763368393,0,normal,38.116423652663165,220.5447703622603,27.89056496819299,,
0,7.634928390386905,0,normal,38.29601948270072,223.8817296240877,27.967128014654502,,
0,7.688172043010752,0,normal,39.4226403823178,252.9780803344434,28.44741493592577,,
0,7.709201990300434,0,normal,39.64352784950977,264.47043090783023,28.637116583737487,,
0,7.739548660946044,0,normal,39.96227326167286,281.0541423641862,28.783466749985205,,
0,7.774193548387096,0,normal,40.32616487455197,304.5652173913033,28.95054554079697,,
0,7.802760558219074,0,normal,39.91591087224275,323.9516596940184,29.088313096484825,,
0,7.811992189960319,0,normal,39.78333438306987,328.68884317930923,29.132833658751657,,
0,7.838709677419356,0,normal,39.399641577060926,342.39883984154045,29.18610421836229,,
0,7.886310196353865,0,normal,38.37788321576533,366.8248999908397,29.281012329960944,,
0,7.9247311827957,0,normal,37.5531660692951,380.0699400513852,29.357617866004976,,
0,7.93481136234805,0,normal,37.55162604186349,383.5449258430824,29.377716193235507,,
0,7.989831129569122,0,normal,37.54322024409361,402.5121385165053,29.37542370293463,,
0,8.010752688172044,0,normal,37.54002389486261,413.2479720807393,29.374551971326174,,
0,8.036845751716317,0,normal,37.35066798233645,426.63754752820057,29.37346476034516,,
0,8.073380767703913,0,normal,37.08553540103758,445.38537881332695,29.297114494736405,,
0,8.139784946236558,0,normal,36.6036439665472,421.4920587945162,29.158344152601614,,
0,8.158909113812433,0,normal,36.25136465747097,414.6108674887748,29.11837878692448,,
0,8.17323724310624,0,normal,35.98743141865411,409.4553699575536,29.152758366530747,,
0,8.26132140832651,0,normal,34.36486516884264,377.7612327104075,29.3641116079864,,
0,8.290322580645162,0,normal,33.83064516129032,367.3261319917145,29.183599638227307,,
0,8.293065013589032,0,normal,33.596433770014485,366.3393593306264,29.166529915417797,,
0,8.312716508156452,0,normal,31.918141546471947,361.4096761302341,29.04421313614769,,
0,8.316495559614536,0,normal,31.59540005458643,360.4616807285398,29.02069118968896,,
0,8.319518800781003,0,normal,31.337206861078016,359.7032844071844,29.001873632521978,,
0,8.319896705926812,0,normal,31.30493271188939,359.6084848670148,28.9995214378761,,
0,8.321030421364238,0,normal,31.208110264323658,359.3240862465063,28.992464853938475,,
0,8.324809472822322,0,normal,30.885368772438145,358.376090844812,28.96894290747975,,
0,8.327832713988789,0,normal,30.62717557892973,357.6176945234566,28.950125350312767,,
0,8.330478050009447,0,normal,30.401256534609946,356.95409774227085,28.933659987791664,,
0,8.333333333333334,0,normal,-8.342592592592581,356.23783454987915,28.91588785046728,,
0,8.338414058071425,0,normal,-10.075895950116845,354.9633073987122,28.88426390022832,,
0,8.342193109529507,0,normal,-11.365129852406785,354.0153119970184,12.84521400345906,,
0,8.354838709677418,0,normal,-15.67921146953404,350.84309512597247,12.792726908435196,,
0,8.376344086021506,0,normal,-28.51583034647548,345.44835570206493,12.703466239230622,,
0,8.39784946236559,0,normal,-23.019115890083626,340.0536162781583,12.61420557002606,,
0,8.399256786546577,0,normal,-22.839369318300967,339.7005814314339,12.608364300560568,,
0,8.43855892171065,0,normal,-17.819613277067404,329.84142925381303,11.606726711595384,,
0,8.440860215053762,0,normal,-17.525686977299856,329.264137430344,11.59445161290322,,
0,8.493877301737564,0,normal,-16.242442055760787,315.964515833512,11.311658472531828,,
0,8.5802733513888,0,normal,-14.151280528587336,295.331222182382,10.85082194369214,,
0,8.591397849462366,0,normal,-13.882019115890074,292.6744452070471,10.79543813192104,,
0,8.674718294805633,0,normal,-11.86530063822636,272.7756741075523,10.380623564013373,,
0,8.681551930465453,0,normal,-11.699896825896705,271.72811587326674,10.34660200289727,,
0,8.741935483870968,0,normal,-10.238351254480278,262.4716539056949,10.012581983670184,,
0,8.863702210745101,0,normal,-7.6618011379144,243.80549378993123,9.33901240788562,,
0,8.870967741935484,0,normal,-7.508064516129011,242.6917283795664,9.348579187918132,,
0,8.957247992182491,0,normal,-5.682398387638521,229.46544721653936,9.462187422971304,,
0,9.0,0,normal,-4.777777777777772,224.36555891238737,9.518480492813149,,
0,9.047742016753794,0,normal,-4.785071697004048,218.67041229147029,9.581344082635267,,
0,9.169805378849906,0,normal,-4.803720266213179,204.10947013931036,9.326258109214578,,
0,9.19983509939842,0,normal,-4.808308140185869,200.5272238678358,9.32500687085839,,
0,9.21505376344086,0,normal,-4.81063321385902,198.485602126156,9.324372759856622,,
0,9.29224664609183,0,normal,-4.456832501708743,188.12998437392292,9.321156389746164,,
0,9.361437688948609,0,normal,-4.139706888615168,178.8478333893181,9.318273429627132,,
0,9.394281035460098,0,normal,-3.989174883770841,174.57501689746994,9.316904956855822,,
0,9.408602150537634,0,normal,-3.923536439665469,172.71188469005182,9.316308243727594,,
0,9.45550166908106,0,normal,-3.5308832483046717,166.61040425102317,9.314354097121624,,
0,9.516129032258064,0,normal,-3.023297491039429,158.72297423078007,9.125281320330082,,
0,9.536751275429866,0,normal,-2.900873380781427,156.04008499802316,9.060968696857088,,
0,9.577942936322982,0,normal,-2.656338758971498,150.68117895813006,9.309252377653207,,
0,9.583687055302777,0,normal,-2.622238751059699,149.93388707362556,9.309013039362382,,
0,9.639163569943944,0,normal,-2.292901981602604,146.3038677209856,9.306701517918995,,
0,9.666666666666666,0,normal,-2.129629629629619,144.5042454122164,9.305555555555548,,
0,9.782011715059518,0,normal,-2.147251789800743,136.95682177528633,9.30074951187251,,
0,9.806669313219532,0,normal,-2.1510189228529657,135.34339023422035,9.299722111949176,,
0,9.817204301075268,0,normal,-2.1526284348864806,134.5030528989036,9.299283154121852,,
0,9.924859860175095,0,normal,-1.404272777532817,125.91576386688814,9.294797505826024,,
0,9.946236559139784,0,normal,-1.2556750298685555,124.21062300751134,9.2060709276698,,
0,9.985702588650248,0,normal,-1.261704562154875,121.06256260834378,9.042262392139577,,
0,9.988976089412771,0,normal,-1.2622046803269271,120.8014474608367,9.05541162296327,,
0,10.047301127417017,0,normal,-1.271115450022018,118.67413645149868,9.289695786357612,,
0,10.053763440860214,0,normal,-1.272102747909173,118.4384340670012,9.28942652329748,,
0,10.118279569892472,0,normal,-0.3652927120668892,116.0853130701455,9.286738351254469,,
0,10.16974239465894,0,normal,0.1752456383447916,114.20829014065558,9.284594066889198,,
0,10.191987052249065,0,normal,0.4088917814355162,113.39695239258616,9.283667206156275,,
0,10.204301075268816,0,normal,0.5382317801672798,111.50928134108882,9.283154121863788,,
0,10.271776784027209,0,normal,-0.0473074258361039,101.16563151209456,9.280342633998856,,
0,10.311827956989246,0,normal,-0.394862604540009,95.0260100693146,9.229517026752044,,
0,10.333251900937492,0,normal,-0.3981357070876579,91.74183894707949,9.202329684153527,,
0,10.440860215053762,0,normal,-0.4145758661887555,84.00688327597344,9.06577293674068,,
0,10.475467657617935,0,normal,-0.2354703344460451,81.51927777520335,9.021855514265924,,
0,10.53589641799249,0,normal,0.0772694827007401,77.17561914068528,9.111661304799464,,
0,10.61290322580645,0,normal,0.4758064516129252,74.36692092698323,9.22610444758995,,
0,10.639100585752974,0,normal,0.4718040771766504,73.4114147818217,9.265037475593616,,
0,10.73890738082878,0,normal,0.4565558168178461,69.7711240724343,9.260878859132124,,
0,10.761541852994895,0,normal,0.4530977724591338,67.74234307460384,9.259935756125202,,
0,10.806451612903224,0,normal,0.4462365591398054,63.71697562399715,9.258064516129023,,
0,10.81989189849452,0,normal,0.4462365591398054,62.51229120224798,9.25750450422939,,
0,10.843169364489512,0,normal,0.4462365591398054,62.48450503788454,9.256534609812933,,
0,10.880905121079795,0,normal,0.4462365591398054,62.43946010321588,9.254962286621671,,
0,10.924796875984129,0,normal,0.4462365591398054,59.28449218739796,9.25313346350066,,
0,10.982227379607291,0,normal,0.4462365591398054,55.15635020001855,9.250740525849697,,
0,11.026831265352396,0,normal,0.4462365591398054,55.15635020001855,9.248882030610318,,
1,0.0133998248886519,0,normal,-0.0001142030530267,44.34782608695656,6.664938483319688,flow_volume_paw,"Normal breath pattern with signals: flow, volume, paw"
1,0.0290334802289177,0,normal,-0.0049330104721648,44.34782608695656,6.664938483319688,flow_volume_paw,"Normal breath pattern with signals: flow, volume, paw"
1,0.0357142857142857,0,normal,-0.006992254733217,44.34782608695656,6.642934530258454,flow_volume_paw,"Normal breath pattern with signals: flow, volume, paw"
1,0.1762747013898582,0,normal,-0.0503176037416511,44.34782608695656,6.179983648726775,flow_volume_paw,"Normal breath pattern with signals: flow, volume, paw"
1,0.2142857142857143,0,normal,-0.06203384968445,44.34782608695656,6.177721088435355,flow_volume_paw,"Normal breath pattern with signals: flow, volume, paw"
1,0.2408923065209942,0,normal,-0.0702348776123926,44.34782608695656,6.176137362707065,flow_volume_paw,"Normal breath pattern with signals: flow, volume, paw"
1,0.2834752437735548,0,normal,-0.0705978003730676,44.34782608695656,6.173602664061079,flow_volume_paw,"Normal breath pattern with signals: flow, volume, paw"
1,0.3748905554075145,0,normal,-0.0713769081426747,44.34782608695656,6.168161276463822,flow_volume_paw,"Normal breath pattern with signals: flow, volume, paw"
1,0.3772757183592892,0,normal,-0.0713972362360137,44.34782608695656,6.168019302478598,flow_volume_paw,"Normal breath pattern with signals: flow, volume, paw"
1,0.4642857142857142,0,normal,-0.0721387987012957,44.34782608695656,6.162840136054395,flow_volume_paw,"Normal breath pattern with signals: flow, volume, paw"
1,0.4710761929450238,0,normal,-0.0721966720989602,44.34782608695656,6.162435940896103,flow_volume_paw,"Normal breath pattern with signals: flow, volume, paw"
1,0.6184769387226063,0,normal,-0.0734529284550191,44.34782608695656,6.153662086980773,flow_volume_paw,"Normal breath pattern with signals: flow, volume, paw"
1,0.6294872282919028,0,normal,-0.073546766150212,44.34782608695656,6.153006712601649,flow_volume_paw,"Normal breath pattern with signals: flow, volume, paw"
1,0.732142857142857,0,normal,-0.0495752895752867,44.34782608695656,6.14689625850338,flow_volume_paw,"Normal breath pattern with signals: flow, volume, paw"
1,0.8194779556920375,0,normal,-0.0291813638600187,44.34782608695656,6.141697740732596,flow_volume_paw,"Normal breath pattern with signals: flow, volume, paw"
1,0.9111880924283372,0,normal,-0.0077658076059208,44.34782608695656,6.136238804022103,flow_volume_paw,"Normal breath pattern with signals: flow, volume, paw"
1,0.9285714285714286,0,normal,-0.0152988614800734,44.34782608695656,6.135204081632634,flow_volume_paw,"Normal breath pattern with signals: flow, volume, paw"
1,1.0204789726614687,0,normal,-0.0551269172325645,44.907263311852425,6.129733394484418,flow_volume_paw,"Normal breath pattern with signals: flow, volume, paw"
1,1.0714285714285714,0,normal,-0.0772058823529384,45.21739130434781,6.126700680272089,flow_volume_paw,"Normal breath pattern with signals: flow, volume, paw"
1,1.0716814496174196,0,normal,-0.0773154669001456,45.22765302795325,6.126685627998944,flow_volume_paw,"Normal breath pattern with signals: flow, volume, paw"
1,1.1410795828431273,0,normal,-0.077906928262865,48.04380915885155,6.122554786735506,flow_volume_paw,"Normal breath pattern with signals: flow, volume, paw"
1,1.1785714285714286,0,normal,-0.0782264610389587,49.56521739130437,6.120323129251678,flow_volume_paw,"Normal breath pattern with signals: flow, volume, paw"
1,1.25,0,normal,-0.0788352272727252,418.2608695652174,6.116071428571405,flow_volume_paw,"Normal breath pattern with signals: flow, volume, paw"
1,1.286078647835852,0,normal,-0.0791427157485991,422.6530527800168,6.113923890009747,flow_volume_paw,"Normal breath pattern with signals: flow, volume, paw"
1,1.3214285714285714,0,normal,-0.0794439935064918,426.9565217391304,6.111819727891132,flow_volume_paw,"Normal breath pattern with signals: flow, volume, paw"
1,1.4066770718337205,0,normal,-0.0801705432258543,431.10775306320727,6.106745412390824,flow_volume_paw,"Normal breath pattern with signals: flow, volume, paw"
1,1.4224810066003308,0,normal,-0.0803052358517061,431.87733597358135,6.105804701988049,flow_volume_paw,"Normal breath pattern with signals: flow, volume, paw"
1,1.4821428571428572,0,normal,-0.0808137175324662,434.7826086956522,6.102253401360517,flow_volume_paw,"Normal breath pattern with signals: flow, volume, paw"
1,1.5674749704975448,0,normal,-0.0815409798621935,438.1068510246,6.097174108898929,flow_volume_paw,"Normal breath pattern with signals: flow, volume, paw"
1,1.636882091367724,0,normal,0.149794507888881,440.8107110376296,6.093042732656656,flow_volume_paw,"Normal breath pattern with signals: flow, volume, paw"
1,1.6490920857284252,0,normal,0.1904906924511813,441.28636994837694,6.473965789708116,flow_volume_paw,"Normal breath pattern with signals: flow, volume, paw"
1,1.6607142857142856,0,normal,0.321428571428573,441.7391304347826,6.8365510471203965,flow_volume_paw,"Normal breath pattern with signals: flow, volume, paw"
1,1.691423350717575,0,normal,0.6674026418972936,442.67375415227406,7.794601524022772,flow_volume_paw,"Normal breath pattern with signals: flow, volume, paw"
1,1.7477635235448623,0,normal,1.280558833606154,444.3884550644088,9.55228217760706,flow_volume_paw,"Normal breath pattern with signals: flow, volume, paw"
1,1.758758898482522,0,normal,1.4375938426892114,444.7230969103376,9.895311970328414,flow_volume_paw,"Normal breath pattern with signals: flow, volume, paw"
1,1.7907038714834984,0,normal,1.8938292283680376,445.695335219063,11.383373700940316,flow_volume_paw,"Normal breath pattern with signals: flow, volume, paw"
1,1.8035714285714288,0,normal,2.1153221778221734,446.0869565217391,11.982770647321454,flow_volume_paw,"Normal breath pattern with signals: flow, volume, paw"
1,1.8342533023716163,0,normal,2.643458068445696,446.94071301009217,13.411994651490366,flow_volume_paw,"Normal breath pattern with signals: flow, volume, paw"
1,1.840435502203433,0,normal,2.7971934544149217,447.1127394401949,13.699974077249792,flow_volume_paw,"Normal breath pattern with signals: flow, volume, paw"
1,1.864402908371084,0,normal,3.393201111576385,447.7796585683382,15.56491616006304,flow_volume_paw,"Normal breath pattern with signals: flow, volume, paw"
1,1.8939434314210664,0,normal,4.006585709391299,448.6016557314682,17.86351135216963,flow_volume_paw,"Normal breath pattern with signals: flow, volume, paw"
1,1.895471494945064,0,normal,4.02840938259307,448.644175759962,17.98241241101516,flow_volume_paw,"Normal breath pattern with signals: flow, volume, paw"
1,1.9225703300468229,0,normal,4.415432639232559,449.39823030192406,19.63164909541522,flow_volume_paw,"Normal breath pattern with signals: flow, volume, paw"
1,1.9285714285714284,0,normal,4.433456117873163,449.5652173913044,19.99687630154101,flow_volume_paw,"Normal breath pattern with signals: flow, volume, paw"
1,1.9501884384534085,0,normal,4.498379850467136,450.0330637887501,21.312488783425387,flow_volume_paw,"Normal breath pattern with signals: flow, volume, paw"
1,1.990483078914309,0,normal,4.619399291941072,450.9051410315754,22.257191869821696,flow_volume_paw,"Normal breath pattern with signals: flow, volume, paw"
1,2.031226943707751,0,normal,4.49294310328493,451.7869406174431,23.21242696763644,flow_volume_paw,"Normal breath pattern with signals: flow, volume, paw"
1,2.0565685789333434,0,normal,4.414290608702274,452.3353972638714,23.21091853696825,flow_volume_paw,"Normal breath pattern with signals: flow, volume, paw"
1,2.089285714285714,0,normal,4.110616546914628,453.0434782608696,23.20897108843537,flow_volume_paw,"Normal breath pattern with signals: flow, volume, paw"
1,2.108036088164757,0,normal,3.93657923788496,453.4087029346874,23.207854994752093,flow_volume_paw,"Normal breath pattern with signals: flow, volume, paw"
1,2.138427486091447,0,normal,3.696174341638393,454.0006745116943,23.206045982970743,flow_volume_paw,"Normal breath pattern with signals: flow, volume, paw"
1,2.1598081388709125,0,normal,3.527047089725535,454.4171324440943,23.204773325067205,flow_volume_paw,"Normal breath pattern with signals: flow, volume, paw"
1,2.1785714285714284,0,normal,3.35288989856298,454.7826086956522,23.20365646258503,flow_volume_paw,"Normal breath pattern with signals: flow, volume, paw"
1,2.211275648102326,0,normal,3.049335718908217,454.5835395332902,23.20170978285105,flow_volume_paw,"Normal breath pattern with signals: flow, volume, paw"
1,2.245628028475144,0,normal,2.730483632148979,454.3744380875426,23.19966499830505,flow_volume_paw,"Normal breath pattern with signals: flow, volume, paw"
1,2.2627431573337398,0,normal,2.571624348090907,454.2702590423164,23.198646240634893,flow_volume_paw,"Normal breath pattern with signals: flow, volume, paw"
1,2.321428571428571,0,normal,2.107405462184861,453.9130434782609,23.195153061224485,flow_volume_paw,"Normal breath pattern with signals: flow, volume, paw"
1,2.34040123339297,0,normal,1.957326125851768,453.682071941303,23.19402373610756,flow_volume_paw,"Normal breath pattern with signals: flow, volume, paw"
1,2.3912596596749016,0,normal,1.3432563097186794,453.06292588221856,23.190996448828862,flow_volume_paw,"Normal breath pattern with signals: flow, volume, paw"
1,2.3930287742527265,0,normal,1.3292620930802674,453.0413888351842,23.19089114438971,flow_volume_paw,"Normal breath pattern with signals: flow, volume, paw"
1,2.443031710381057,0,normal,0.9337241615592546,452.43265743883927,23.187914779143977,flow_volume_paw,"Normal breath pattern with signals: flow, volume, paw"
1,2.464285714285714,0,normal,0.7655987394958,452.1739130434783,23.18664965986393,flow_volume_paw,"Normal breath pattern with signals: flow, volume, paw"
1,2.494803761087213,0,normal,0.5241920133998264,449.9447687553688,23.184833109459085,flow_volume_paw,"Normal breath pattern with signals: flow, volume, paw"
1,2.527029452232348,0,normal,0.2250794407812571,447.5908921847676,23.18291491355759,flow_volume_paw,"Normal breath pattern with signals: flow, volume, paw"
1,2.5357142857142856,0,normal,0.1444685122569724,446.9565217391304,23.02715996578272,flow_volume_paw,"Normal breath pattern with signals: flow, volume, paw"
1,2.546271270318626,0,normal,0.0464806425825123,444.643165112788,22.83782961314799,flow_volume_paw,"Normal breath pattern with signals: flow, volume, paw"
1,2.571428571428571,0,normal,-0.1870245139475895,439.1304347826088,22.386655260906757,flow_volume_paw,"Normal breath pattern with signals: flow, volume, paw"
1,2.59773877955004,0,normal,-0.431230728234798,435.927452924343,21.91480452244089,flow_volume_paw,"Normal breath pattern with signals: flow, volume, paw"
1,2.606951285170193,0,normal,-0.7259561312483571,434.80593050102,21.749586233025568,flow_volume_paw,"Normal breath pattern with signals: flow, volume, paw"
1,2.6211884731051813,0,normal,-1.1814305835775976,433.0727076219779,21.02841923157288,flow_volume_paw,"Normal breath pattern with signals: flow, volume, paw"
1,2.6428571428571423,0,normal,-1.6667410714285564,430.4347826086957,19.930819785541345,flow_volume_paw,"Normal breath pattern with signals: flow, volume, paw"
1,2.6431154592866117,0,normal,-1.6725265522098187,430.4054318723618,19.9177350889203,flow_volume_paw,"Normal breath pattern with signals: flow, volume, paw"
1,2.6455517910845483,0,normal,-2.319685363539336,430.12860808546577,19.79432573973666,flow_volume_paw,"Normal breath pattern with signals: flow, volume, paw"
1,2.6677833187407214,0,normal,-2.7500095169210823,427.6025910300397,18.668215428436078,flow_volume_paw,"Normal breath pattern with signals: flow, volume, paw"
1,2.672834951843506,0,normal,-2.9640212706674443,427.0286083702451,18.412331252866444,flow_volume_paw,"Normal breath pattern with signals: flow, volume, paw"
1,2.6790513533061784,0,normal,-3.227378278579309,426.3222810156458,18.01714573131085,flow_volume_paw,"Normal breath pattern with signals: flow, volume, paw"
1,2.7253185507188578,0,normal,-3.3468353960370494,421.0652545270167,15.075873895790536,flow_volume_paw,"Normal breath pattern with signals: flow, volume, paw"
1,2.7320415699113023,0,normal,-3.364193536107198,420.3013636506578,14.735327742023124,flow_volume_paw,"Normal breath pattern with signals: flow, volume, paw"
1,2.75,0,normal,-3.0812059859155,418.2608695652174,13.825665859564172,flow_volume_paw,"Normal breath pattern with signals: flow, volume, paw"
1,2.7752864593246795,0,normal,-2.6827439186874216,416.8536231332352,12.544811794013794,flow_volume_paw,"Normal breath pattern with signals: flow, volume, paw"
1,2.7905135330617834,0,normal,-2.273782785793138,416.0062033774312,11.773503361616184,flow_volume_paw,"Normal breath pattern with signals: flow, volume, paw"
1,2.791202217392171,0,normal,-2.2681614627825097,415.9678765973053,11.738618915631411,flow_volume_paw,"Normal breath pattern with signals: flow, volume, paw"
1,2.857085884065485,0,normal,-1.7303920448450485,412.301307321573,8.401363935472276,flow_volume_paw,"Normal breath pattern with signals: flow, volume, paw"
1,2.8739578971411177,0,normal,-1.592675777532449,411.3623431156248,7.793564910217556,flow_volume_paw,"Normal breath pattern with signals: flow, volume, paw"
1,2.875,0,normal,-1.5875,411.3043478260869,7.7560240963855325,flow_volume_paw,"Normal breath pattern with signals: flow, volume, paw"
1,2.910048056790764,0,normal,-1.4134279846058726,410.2803350363742,6.49344952042911,flow_volume_paw,"Normal breath pattern with signals: flow, volume, paw"
1,2.977048395780574,0,normal,-1.0806596342898145,408.32275991458494,6.489461405013046,flow_volume_paw,"Normal breath pattern with signals: flow, volume, paw"
1,2.9835928280482698,0,normal,-1.048155620693592,408.13154867615486,6.489071855473302,flow_volume_paw,"Normal breath pattern with signals: flow, volume, paw"
1,3.0535714285714284,0,normal,-0.798479575536285,406.0869565217391,6.484906462585016,flow_volume_paw,"Normal breath pattern with signals: flow, volume, paw"
1,3.0789143096425446,0,normal,-0.7080589287753618,406.0869565217391,6.483397957759354,flow_volume_paw,"Normal breath pattern with signals: flow, volume, paw"
1,3.097649005962232,0,normal,-0.6662747013898584,406.0869565217391,6.4822827972641335,flow_volume_paw,"Normal breath pattern with signals: flow, volume, paw"
1,3.2007308995393813,0,normal,-0.4363698656210708,406.0869565217391,6.476146970265499,flow_volume_paw,"Normal breath pattern with signals: flow, volume, paw"
1,3.2316496839418534,0,normal,-0.3845867135485097,406.0869565217391,6.47430656643202,flow_volume_paw,"Normal breath pattern with signals: flow, volume, paw"
1,3.3035714285714284,0,normal,-0.2641313104189023,406.0869565217391,6.4700255102040645,flow_volume_paw,"Normal breath pattern with signals: flow, volume, paw"
1,3.322242947961476,0,normal,-0.232860025124669,406.0111880372578,6.46891411024037,flow_volume_paw,"Normal breath pattern with signals: flow, volume, paw"
1,3.365650361921474,0,normal,-0.1783248630944165,405.835042009594,6.466330335599892,flow_volume_paw,"Normal breath pattern with signals: flow, volume, paw"
1,3.4300506300201765,0,normal,-0.0974152042331226,405.5737075883239,6.4624969863083015,flow_volume_paw,"Normal breath pattern with signals: flow, volume, paw"
1,3.517857142857143,0,normal,-0.073373603855158,405.2173913043478,6.457270408163242,flow_volume_paw,"Normal breath pattern with signals: flow, volume, paw"
1,3.5398512432949807,0,normal,-0.0673515747787829,405.2173913043478,6.455961235518132,flow_volume_paw,"Normal breath pattern with signals: flow, volume, paw"
1,3.660714285714285,0,normal,-0.0342590299045195,405.2173913043478,6.448767006802699,flow_volume_paw,"Normal breath pattern with signals: flow, volume, paw"
1,3.671552019490655,0,normal,-0.0312916365297475,405.2173913043478,6.448121903601725,flow_volume_paw,"Normal breath pattern with signals: flow, volume, paw"
1,3.6872519890725632,0,normal,-0.0314254430886843,405.2173913043478,6.447187381602802,flow_volume_paw,"Normal breath pattern with signals: flow, volume, paw"
1,3.821428571428572,0,normal,-0.032568993506492,405.2173913043478,6.439200680272087,flow_volume_paw,"Normal breath pattern with signals: flow, volume, paw"
1,3.848052802648108,0,normal,-0.0327959045680223,405.2173913043478,6.437615904604257,flow_volume_paw,"Normal breath pattern with signals: flow, volume, paw"
1,3.9127488674863904,0,normal,-0.033347291484258,405.2173913043478,6.433764948363884,flow_volume_paw,"Normal breath pattern with signals: flow, volume, paw"
1,3.955253345031805,0,normal,-0.0337095455542474,405.2173913043478,6.431234919938561,flow_volume_paw,"Normal breath pattern with signals: flow, volume, paw"
1,3.982142857142857,0,normal,-0.0339387175324667,405.2173913043478,6.429634353741475,flow_volume_paw,"Normal breath pattern with signals: flow, volume, paw"
1,4.100346415927518,0,normal,-0.0349461342266543,405.2173913043478,6.422598427623344,flow_volume_paw,"Normal breath pattern with signals: flow, volume, paw"
1,4.102654090809388,0,normal,-0.0349658019103066,405.2173913043478,6.422461066023232,flow_volume_paw,"Normal breath pattern with signals: flow, volume, paw"
1,4.178571428571429,0,normal,-0.0356128246753236,405.2173913043478,6.417942176870731,flow_volume_paw,"Normal breath pattern with signals: flow, volume, paw"
1,4.25005483658697,0,normal,-0.0362220582663647,405.2173913043478,6.413687212107902,flow_volume_paw,"Normal breath pattern with signals: flow, volume, paw"
1,4.3013437892573,0,normal,-0.0366591800220774,405.2173913043478,6.410634298258477,flow_volume_paw,"Normal breath pattern with signals: flow, volume, paw"
1,4.392857142857142,0,normal,-0.037439123376621,405.2173913043478,6.405187074829915,flow_volume_paw,"Normal breath pattern with signals: flow, volume, paw"
1,4.410855650162516,0,normal,-0.0375925197457008,405.32694743577184,6.404115735109357,flow_volume_paw,"Normal breath pattern with signals: flow, volume, paw"
1,4.535714285714287,0,normal,-0.0386566558441526,406.0869565217391,6.396683673469364,flow_volume_paw,"Normal breath pattern with signals: flow, volume, paw"
1,4.544856328142135,0,normal,-0.0387345709784808,406.0869565217391,6.3961395042772295,flow_volume_paw,"Normal breath pattern with signals: flow, volume, paw"
1,4.56934028703034,0,normal,-0.0389432410826415,406.0869565217391,6.394682125771979,flow_volume_paw,"Normal breath pattern with signals: flow, volume, paw"
1,4.652056870525832,0,normal,-0.0402789753855003,406.0869565217391,6.389758519611533,flow_volume_paw,"Normal breath pattern with signals: flow, volume, paw"
1,4.75,0,normal,-0.0418605929069144,406.0869565217391,6.383928571428548,flow_volume_paw,"Normal breath pattern with signals: flow, volume, paw"
1,4.823936959914728,0,normal,-0.0430545509916626,406.0869565217391,6.379527561909815,flow_volume_paw,"Normal breath pattern with signals: flow, volume, paw"
1,4.853057887495263,0,normal,-0.0430545509916626,406.0869565217391,6.377794173363355,flow_volume_paw,"Normal breath pattern with signals: flow, volume, paw"
1,4.910714285714287,0,normal,-0.0430545509916626,406.0869565217391,6.187896610431794,flow_volume_paw,"Normal breath pattern with signals: flow, volume, paw"
1,5.000299108656204,0,normal,-0.0430545509916626,406.0869565217391,5.892839338770443,flow_volume_paw,"Normal breath pattern with signals: flow, volume, paw"
1,5.051733983021813,0,normal,-0.0430545509916626,406.0869565217391,6.092599617019967,flow_volume_paw,"Normal breath pattern with signals: flow, volume, paw"
1,5.071428571428571,0,normal,-0.043222402597402,406.0869565217391,6.1690885072655,flow_volume_paw,"Normal breath pattern with signals: flow, volume, paw"
1,5.121059243454505,0,normal,-0.0436453912794411,406.0869565217391,6.361841711699114,flow_volume_paw,"Normal breath pattern with signals: flow, volume, paw"
1,5.196428571428571,0,normal,-0.0442877435064925,406.0869565217391,6.357355442176849,flow_volume_paw,"Normal breath pattern with signals: flow, volume, paw"
1,5.279531006128898,0,normal,-0.0449960028931428,406.0869565217391,6.352408868682783,flow_volume_paw,"Normal breath pattern with signals: flow, volume, paw"
1,5.322060260423936,0,normal,-0.0339826028113631,406.0869565217391,6.349877365450936,flow_volume_paw,"Normal breath pattern with signals: flow, volume, paw"
1,5.375,0,normal,-0.0202732974910383,406.0869565217391,6.346726190476173,flow_volume_paw,"Normal breath pattern with signals: flow, volume, paw"
1,5.4560609384035565,0,normal,0.0007182896045063,409.2448087308516,6.341901134618823,flow_volume_paw,"Normal breath pattern with signals: flow, volume, paw"
1,5.4642857142857135,0,normal,0.002848182283667,409.5652173913044,6.341411564625837,flow_volume_paw,"Normal breath pattern with signals: flow, volume, paw"
1,5.517857142857142,0,normal,0.0167210701484905,414.7826086956522,6.338222789115632,flow_volume_paw,"Normal breath pattern with signals: flow, volume, paw"
1,5.534432220488028,0,normal,0.0210133617572054,416.665921864147,6.337236177351888,flow_volume_paw,"Normal breath pattern with signals: flow, volume, paw"
1,5.576661548585215,0,normal,0.2307523579732371,421.4641527667839,6.334722526869911,flow_volume_paw,"Normal breath pattern with signals: flow, volume, paw"
1,5.602954052304998,0,normal,0.3613384597814928,424.4515908705969,6.519581935446055,flow_volume_paw,"Normal breath pattern with signals: flow, volume, paw"
1,5.625,0,normal,0.724835526315798,426.9565217391304,6.674584323040366,flow_volume_paw,"Normal breath pattern with signals: flow, volume, paw"
1,5.631885492405496,0,normal,0.8383646122806354,427.3476975395586,6.72299538603388,flow_volume_paw,"Normal breath pattern with signals: flow, volume, paw"
1,5.643821412191668,0,normal,0.9981414359567476,428.02579617088895,6.80691539213143,flow_volume_paw,"Normal breath pattern with signals: flow, volume, paw"
1,5.703148197495146,0,normal,1.7923027142258974,431.3962454229126,9.297665521597851,flow_volume_paw,"Normal breath pattern with signals: flow, volume, paw"
1,5.705584529293082,0,normal,2.337736495488979,431.5346573163606,9.399951423490077,flow_volume_paw,"Normal breath pattern with signals: flow, volume, paw"
1,5.711778898881334,0,normal,2.4532518096073828,431.8865693277511,9.660013160780863,flow_volume_paw,"Normal breath pattern with signals: flow, volume, paw"
1,5.732142857142858,0,normal,2.8330078125000133,433.0434782608696,11.210225389459769,flow_volume_paw,"Normal breath pattern with signals: flow, volume, paw"
1,5.734820510868324,0,normal,2.8829418706460075,433.1477903364356,11.414062555892576,flow_volume_paw,"Normal breath pattern with signals: flow, volume, paw"
1,5.765274658342532,0,normal,3.7008641364345856,434.3341779945612,13.732393364776076,flow_volume_paw,"Normal breath pattern with signals: flow, volume, paw"
1,5.78053400865421,0,normal,3.91879687891786,434.9286292067032,14.89401583281819,flow_volume_paw,"Normal breath pattern with signals: flow, volume, paw"
1,5.793901556968288,0,normal,4.1097110662758425,435.4493823931994,16.706989572915056,flow_volume_paw,"Normal breath pattern with signals: flow, volume, paw"
1,5.8086103411832735,0,normal,4.275422980525218,436.02238546522665,18.70186843207241,flow_volume_paw,"Normal breath pattern with signals: flow, volume, paw"
1,5.821428571428571,0,normal,4.4198355601233,436.5217391304348,19.69927536231883,flow_volume_paw,"Normal breath pattern with signals: flow, volume, paw"
1,5.836232821957445,0,normal,4.586623015721955,437.1224913258093,20.851217696949604,flow_volume_paw,"Normal breath pattern with signals: flow, volume, paw"
1,5.863646333924904,0,normal,4.6553493062583575,438.2349236955033,22.9843067658378,flow_volume_paw,"Normal breath pattern with signals: flow, volume, paw"
1,5.890441204461533,0,normal,4.722524648825615,439.3222517752506,23.361784266644104,flow_volume_paw,"Normal breath pattern with signals: flow, volume, paw"
1,5.928571428571429,0,normal,4.548990683229816,440.8695652173913,23.89895057549086,flow_volume_paw,"Normal breath pattern with signals: flow, volume, paw"
1,5.995508013247553,0,normal,4.244356465796187,443.47718173346993,24.84193160842821,flow_volume_paw,"Normal breath pattern with signals: flow, volume, paw"
1,5.998285110371094,0,normal,4.223899820787575,443.5853677779348,24.881054457716004,flow_volume_paw,"Normal breath pattern with signals: flow, volume, paw"
1,6.017857142857142,0,normal,4.079728370221342,444.34782608695656,25.11081309994353,flow_volume_paw,"Normal breath pattern with signals: flow, volume, paw"
1,6.060375347367625,0,normal,3.766530891925843,445.3830519359074,25.609939848544848,flow_volume_paw,"Normal breath pattern with signals: flow, volume, paw"
1,6.07900456639215,0,normal,3.585034068830664,445.8366329208524,25.828630680571884,flow_volume_paw,"Normal breath pattern with signals: flow, volume, paw"
1,6.125,0,normal,3.1369194664031674,446.9565217391304,25.825892857142843,flow_volume_paw,"Normal breath pattern with signals: flow, volume, paw"
1,6.137424340477368,0,normal,3.0158742243709327,447.3598626473813,25.82515331306681,flow_volume_paw,"Normal breath pattern with signals: flow, volume, paw"
1,6.2130052443717725,0,normal,2.2795205465578063,449.8135035854025,25.820654449739763,flow_volume_paw,"Normal breath pattern with signals: flow, volume, paw"
1,6.214473333587117,0,normal,2.265217556816019,449.86116329326296,25.820567063476943,flow_volume_paw,"Normal breath pattern with signals: flow, volume, paw"
1,6.232142857142858,0,normal,2.1612674406497216,450.4347826086957,25.81951530612244,flow_volume_paw,"Normal breath pattern with signals: flow, volume, paw"
1,6.318931059423655,0,normal,1.6506909284708264,452.9705074753346,25.81434934170096,flow_volume_paw,"Normal breath pattern with signals: flow, volume, paw"
1,6.321428571428571,0,normal,1.6338389870998589,453.0434782608696,25.81420068027209,flow_volume_paw,"Normal breath pattern with signals: flow, volume, paw"
1,6.373806057947317,0,normal,1.2804223347534718,454.0637006069738,25.81108297274121,flow_volume_paw,"Normal breath pattern with signals: flow, volume, paw"
1,6.409988960371541,0,normal,1.0362785031786537,454.7684806194109,25.594201360794827,flow_volume_paw,"Normal breath pattern with signals: flow, volume, paw"
1,6.410714285714285,0,normal,1.031197684151796,454.7826086956522,25.589853734734444,flow_volume_paw,"Normal breath pattern with signals: flow, volume, paw"
1,6.454046940118446,0,normal,0.727657518096082,455.6266534423072,25.33011625356437,flow_volume_paw,"Normal breath pattern with signals: flow, volume, paw"
1,6.487951577905516,0,normal,0.4901595035973969,456.28705682181175,25.207469560258343,flow_volume_paw,"Normal breath pattern with signals: flow, volume, paw"
1,6.5,0,normal,0.4590517241379326,456.5217391304348,25.16388557806912,flow_volume_paw,"Normal breath pattern with signals: flow, volume, paw"
1,6.567436902813203,0,normal,0.284936617305572,455.8649623378192,24.91993921330384,flow_volume_paw,"Normal breath pattern with signals: flow, volume, paw"
1,6.587888093481424,0,normal,0.2245164672434123,455.6657855243548,24.84595904205468,flow_volume_paw,"Normal breath pattern with signals: flow, volume, paw"
1,6.5892857142857135,0,normal,0.2203873942669234,455.6521739130435,24.831637006338365,flow_volume_paw,"Normal breath pattern with signals: flow, volume, paw"
1,6.660017511134797,0,normal,0.0114203053028312,455.6521739130435,24.10681714272277,flow_volume_paw,"Normal breath pattern with signals: flow, volume, paw"
1,6.681369518833876,0,normal,-0.4667979421324786,455.6521739130435,23.88801371911702,flow_volume_paw,"Normal breath pattern with signals: flow, volume, paw"
1,6.684380829114165,0,normal,-0.5342418820663113,455.6521739130435,23.69099636282272,flow_volume_paw,"Normal breath pattern with signals: flow, volume, paw"
1,6.696428571428571,0,normal,-0.9196718460111304,455.6521739130435,22.90276329509912,flow_volume_paw,"Normal breath pattern with signals: flow, volume, paw"
1,6.705089649396626,0,normal,-1.1967560400313664,455.23041707286,22.33610542025481,flow_volume_paw,"Normal breath pattern with signals: flow, volume, paw"
1,6.707830522669306,0,normal,-1.9949680531985892,455.0969484613208,22.156781619032557,flow_volume_paw,"Normal breath pattern with signals: flow, volume, paw"
1,6.714530435113632,0,normal,-2.231867259988257,454.77069185533617,21.71843454937818,flow_volume_paw,"Normal breath pattern with signals: flow, volume, paw"
1,6.716662225436827,0,normal,-2.8457058187919597,454.66688293525016,21.578960481760884,flow_volume_paw,"Normal breath pattern with signals: flow, volume, paw"
1,6.726407552628575,0,normal,-3.1255091552780847,454.1923278719999,20.94136474408177,flow_volume_paw,"Normal breath pattern with signals: flow, volume, paw"
1,6.746934136273903,0,normal,-3.1963850801534432,453.1927724944882,19.59839677760273,flow_volume_paw,"Normal breath pattern with signals: flow, volume, paw"
1,6.75,0,normal,-3.20697115384615,453.0434782608696,19.46931589537218,flow_volume_paw,"Normal breath pattern with signals: flow, volume, paw"
1,6.765997944345045,0,normal,-3.2622102097529364,452.4592055108766,18.7957605927161,flow_volume_paw,"Normal breath pattern with signals: flow, volume, paw"
1,6.807111043435229,0,normal,-3.0580151509383637,450.9576836310612,17.064791581725995,flow_volume_paw,"Normal breath pattern with signals: flow, volume, paw"
1,6.821428571428571,0,normal,-2.673482142857151,450.4347826086957,16.46198620293185,flow_volume_paw,"Normal breath pattern with signals: flow, volume, paw"
1,6.8223381171723325,0,normal,-2.64905401804408,450.2797643775851,16.423691948026,flow_volume_paw,"Normal breath pattern with signals: flow, volume, paw"
1,6.826217870745179,0,normal,-2.6053439885830905,449.6185194208217,16.26034417436039,flow_volume_paw,"Normal breath pattern with signals: flow, volume, paw"
1,6.857142857142858,0,normal,-2.256937307297002,444.34782608695656,14.466019417475644,flow_volume_paw,"Normal breath pattern with signals: flow, volume, paw"
1,6.864669382161482,0,normal,-2.172142068597964,443.0650444316083,14.029316552013944,flow_volume_paw,"Normal breath pattern with signals: flow, volume, paw"
1,6.89194201280185,0,normal,-1.992789428679004,438.4168395572499,12.446908213523685,flow_volume_paw,"Normal breath pattern with signals: flow, volume, paw"
1,6.892857142857142,0,normal,-1.9867712710083976,438.2608695652174,12.393810679611612,flow_volume_paw,"Normal breath pattern with signals: flow, volume, paw"
1,6.947504663291332,0,normal,-1.6273935056530462,432.2734021089497,9.223060737914285,flow_volume_paw,"Normal breath pattern with signals: flow, volume, paw"
1,6.95766615485852,0,normal,-1.5769247642026754,431.1600560763708,8.633472252686978,flow_volume_paw,"Normal breath pattern with signals: flow, volume, paw"
1,6.9642857142857135,0,normal,-1.544047619047616,430.4347826086957,8.455062205062179,flow_volume_paw,"Normal breath pattern with signals: flow, volume, paw"
1,7.017857142857142,0,normal,-1.2779761904761875,425.2173913043478,7.011207636207612,flow_volume_paw,"Normal breath pattern with signals: flow, volume, paw"
1,7.053571428571429,0,normal,-1.1005952380952322,420.8695652173913,6.048637923637884,flow_volume_paw,"Normal breath pattern with signals: flow, volume, paw"
1,7.0571395941984845,0,normal,-1.0828733488141893,420.6610602346625,5.952468895100875,flow_volume_paw,"Normal breath pattern with signals: flow, volume, paw"
1,7.063909549542363,0,normal,-1.0591955435888365,420.2654593658724,5.770005383955791,flow_volume_paw,"Normal breath pattern with signals: flow, volume, paw"
1,7.142857142857142,0,normal,-0.7830776605945488,415.6521739130435,5.765306122448962,flow_volume_paw,"Normal breath pattern with signals: flow, volume, paw"
1,7.1577100241280975,0,normal,-0.7311299575588197,414.2056324327418,5.76442202237331,flow_volume_paw,"Normal breath pattern with signals: flow, volume, paw"
1,7.178571428571429,0,normal,-0.6581675455418601,412.1739130434783,5.830501930501917,flow_volume_paw,"Normal breath pattern with signals: flow, volume, paw"
1,7.19326963340825,0,normal,-0.6067608207392716,411.6013221072264,5.877059487444498,flow_volume_paw,"Normal breath pattern with signals: flow, volume, paw"
1,7.267857142857142,0,normal,-0.4569558397683816,408.695652173913,6.113320463320452,flow_volume_paw,"Normal breath pattern with signals: flow, volume, paw"
1,7.305270294522322,0,normal,-0.3818135469813614,408.0883662338405,6.231829149135564,flow_volume_paw,"Normal breath pattern with signals: flow, volume, paw"
1,7.328486048193687,0,normal,-0.335185960638011,407.7115308119285,6.230447259036078,flow_volume_paw,"Normal breath pattern with signals: flow, volume, paw"
1,7.375,0,normal,-0.2351286173633389,406.9565217391304,6.227678571428559,flow_volume_paw,"Normal breath pattern with signals: flow, volume, paw"
1,7.412470836906019,0,normal,-0.1545241482632538,406.7284383840503,6.225448164469867,flow_volume_paw,"Normal breath pattern with signals: flow, volume, paw"
1,7.423198446838478,0,normal,-0.1314477140355521,406.66313988880927,6.224809616259601,flow_volume_paw,"Normal breath pattern with signals: flow, volume, paw"
1,7.503901937645132,0,normal,-0.0639537096958378,406.17190124911656,6.2200058370449165,flow_volume_paw,"Normal breath pattern with signals: flow, volume, paw"
1,7.517857142857142,0,normal,-0.0640726461038943,406.0869565217391,6.219175170068011,flow_volume_paw,"Normal breath pattern with signals: flow, volume, paw"
1,7.533071447087678,0,normal,-0.0642023134694951,406.0869565217391,6.218269556720955,flow_volume_paw,"Normal breath pattern with signals: flow, volume, paw"
1,7.624500361643001,0,normal,-0.0649815371730895,406.0869565217391,6.21282735942599,flow_volume_paw,"Normal breath pattern with signals: flow, volume, paw"
1,7.6670721250673,0,normal,-0.0653443647022743,406.0869565217391,6.210293325888827,flow_volume_paw,"Normal breath pattern with signals: flow, volume, paw"
1,7.696428571428571,0,normal,-0.0655945616883081,406.0869565217391,6.208545918367324,flow_volume_paw,"Normal breath pattern with signals: flow, volume, paw"
1,7.79869808519548,0,normal,-0.066466176862459,406.0869565217391,6.202458447309772,flow_volume_paw,"Normal breath pattern with signals: flow, volume, paw"
1,7.814472870844881,0,normal,-0.0666006210583344,406.0869565217391,6.201519471973498,flow_volume_paw,"Normal breath pattern with signals: flow, volume, paw"
1,7.875,0,normal,-0.067116477272724,406.0869565217391,6.197916666666651,flow_volume_paw,"Normal breath pattern with signals: flow, volume, paw"
1,7.894873277632655,0,normal,-0.0672858517980022,406.0869565217391,6.1967337334742325,flow_volume_paw,"Normal breath pattern with signals: flow, volume, paw"
1,7.972895808747953,0,normal,-0.067950816551825,406.0869565217391,6.192089535193553,flow_volume_paw,"Normal breath pattern with signals: flow, volume, paw"
1,7.9752736844204275,0,normal,-0.067950816551825,406.0869565217391,6.191947994974953,flow_volume_paw,"Normal breath pattern with signals: flow, volume, paw"
1,8.0,0,normal,-0.067950816551825,406.0869565217391,6.190476190476171,flow_volume_paw,"Normal breath pattern with signals: flow, volume, paw"
1,8.015473887814313,0,normal,-0.067950816551825,406.0869565217391,6.18955512572532,flow_volume_paw,"Normal breath pattern with signals: flow, volume, paw"
2,0.0338983050847457,0,normal,0.0003631961259067,0.347826086956559,0.467888476068566,,
2,0.0357142857142857,0,normal,0.0003826530612231,0.347826086956559,0.467888476068566,,
2,0.0367167254675449,0,normal,0.0003933934871509,0.347826086956559,0.467888476068566,,
2,0.1895781947609978,0,normal,0.0020311949438652,0.347826086956559,0.456648662149931,,
2,0.2142857142857143,0,normal,0.0022959183673441,0.347826086956559,0.454831932773113,,
2,0.2203389830508474,0,normal,0.0023607748183991,0.347826086956559,0.454386839481559,,
2,0.4613319179493582,0,normal,0.0049428419780255,0.347826086956559,0.436666770739016,,
2,0.4642857142857142,0,normal,0.004974489795915,0.347826086956559,0.436449579831931,,
2,0.5254237288135593,0,normal,0.0056295399515704,0.347826086956559,0.4319541375872369,,
2,0.6779661016949152,0,normal,0.0072639225181596,0.347826086956559,0.4207377866400794,,
2,0.6821318180399012,0,normal,0.0073085551932843,0.347826086956559,0.420431483967654,,
2,0.7321428571428574,0,normal,0.0078443877551011,0.347826086956559,0.4167542016806723,,
2,0.8180086796340816,0,normal,0.0087643787103631,0.347826086956559,0.4104405382622005,,
2,0.8983050847457626,0,normal,0.0096246973365587,0.347826086956559,0.4045363908275184,,
2,0.9285714285714286,0,normal,0.0099489795918337,0.347826086956559,0.4023109243697491,,
2,0.9708701489275344,0,normal,0.0104021801670778,0.3092055161966216,0.399200724343565,,
2,1.0714285714285714,0,normal,0.011479591836732,0.217391304347814,0.3918067226890777,,
2,1.1067470105217143,0,normal,0.0118580036841587,0.3320482660415075,0.3892097786381115,,
2,1.1694915254237288,0,normal,0.0125302663438233,0.535740604274156,0.3845962113659049,,
2,1.1785714285714286,0,normal,0.0126275510204058,0.565217391304373,0.383928571428574,,
2,1.2256392644166223,0,normal,0.0131318492616044,0.3757548310755048,0.3804677011458395,,
2,1.25418,0,normal,0.0134376428571407,0.260869565217376,0.3783691176470619,,
2,1.3214285714285716,0,normal,0.0141581632653041,0.956521739130437,0.3734243697479028,,
2,1.4406779661016949,0,normal,0.0154358353510879,0.8274789159092868,0.3646560319042916,,
2,1.4634237722064376,0,normal,0.0156795404164957,0.8028650967428033,0.362983546161296,,
2,1.4821428571428572,0,normal,0.0158801020408143,0.782608695652186,0.3616071428571476,,
2,1.6502544568984354,0,normal,0.0176812977524801,0.7416771757116966,0.349245995816297,,
2,1.6607142857142856,0,normal,0.0177933673469355,0.73913043478262,0.3484768907563066,,
2,1.6779661016949152,0,normal,0.0179782082324422,0.6603721444362655,0.3472083748753756,,
2,1.7012082799962531,0,normal,0.018227231571385,0.5542665478431987,0.3454993911767446,,
2,1.7022073745667985,0,normal,0.0182379361560694,0.5497054639341872,0.368367104811261,,
2,1.7204408504792528,0,normal,0.01843329482656,0.46646568259472,0.361202878641223,,
2,1.7566580286615254,0,normal,0.01882133602137,0.3011263908930367,0.329657497892535,,
2,1.7627118644067794,0,normal,0.018886198547212,0.2734893146647027,0.3200796187948609,,
2,1.7796610169491522,0,normal,3.066646489104117,0.1961127487103902,0.2932640690029542,,
2,1.8035714285714288,0,normal,3.0663903061224502,0.086956521739125,0.2554349898322277,,
2,1.8268444222423423,0,normal,3.066140952618834,0.2488556081454818,0.21861438071747,,
2,1.8474576271186447,0,normal,3.0659200968523024,0.3922518159806304,0.3226326455416373,,
2,1.9285714285714284,0,normal,3.0650510204081653,0.956521739130437,0.7319487577639731,,
2,1.9647194729776136,0,normal,3.064663719932385,0.7511589361271804,0.914358862281055,,
2,2.0508474576271185,0,normal,3.063740920096855,0.2618521247850627,0.8589126687733357,,
2,2.0678759873864303,0,normal,3.063558471563719,0.1651103325292617,0.84795029504511,,
2,2.0892857142857144,0,normal,3.0633290816326557,0.04347826086956,0.7730357142857126,,
2,2.1365637391114363,0,normal,3.062822531366665,0.4348580837746767,0.60760560741827,,
2,2.1785714285714284,0,normal,3.062372448979594,0.782608695652186,0.4606168831168867,,
2,2.20525149083643,0,normal,3.062086591169612,0.8069687525028382,0.367260919791434,,
2,2.2399700271628835,0,normal,3.061714606851828,0.8386682856704681,0.12941396859095,,
2,2.271186440677966,0,normal,3.061380145278452,0.8671702284451069,0.286938098747226,,
2,2.3089075525305187,0,normal,3.060975990508603,0.9016112436148273,0.47728620937275,,
2,2.321428571428572,0,normal,3.060841836734696,0.913043478260875,0.4334740259740167,,
2,2.3775953042555185,0,normal,3.06024005031155,0.6224416866779696,0.236941521745905,,
2,2.4460332823378805,0,normal,3.059506786260667,0.2683495392083491,0.40837990571044,,
2,2.461519248181336,0,normal,3.0593408651980587,0.1882264985400346,0.87782946704549,,
2,2.4642857142857144,0,normal,3.059311224489797,0.17391304347825,0.8325206043956062,,
2,2.4929907271535168,0,normal,3.0590036707805,0.488420140986353,0.3623932157636017,,
2,2.4939898217240626,0,normal,3.0589929661958157,0.4993667423679857,0.9589333859737894,,
2,2.508476692996972,0,normal,3.058837749717892,0.6580924624016077,0.46261200786786,,
2,2.5357142857142856,0,normal,3.0585459183673485,0.95652173913044,0.7111816406249923,,
2,2.5404477192544257,0,normal,3.0584952030079897,0.8470353633324235,0.754378844172464,,
2,2.542372881355932,0,normal,3.058474576271188,0.8025055268975827,0.7158144211433467,,
2,2.5551843641699703,0,normal,3.0583373103838944,0.5061703591989781,0.459177620281622,,
2,2.570170782728152,0,normal,3.0581767416136283,0.1595279821140981,0.7521933247994,,
2,2.571428571428572,0,normal,3.058163265306124,0.130434782608745,0.7610096670247087,,
2,2.6033906771987883,0,normal,3.0578208141728718,0.2666211463253137,0.985044803147147,,
2,2.6428571428571423,0,normal,3.057397959183674,0.434782608695684,0.3809968017057554,,
2,2.6535951793686965,0,normal,3.057282908792479,0.4173527523290987,0.216647413281713,,
2,2.711864406779661,0,normal,3.0566585956416468,0.3227708179808414,0.5860043631481824,,
2,2.7457627118644066,0,normal,2.456295399515742,0.2677474821910947,0.8008789226380294,,
2,2.75,0,normal,2.241964285714277,0.260869565217376,0.8277382425742617,,
2,2.7545037309937865,0,normal,2.0141559211964224,0.2624310834871861,0.856286490368106,,
2,2.7627118644067794,0,normal,1.5989709443099258,0.265276979546056,0.7986600669966524,,
2,2.779661016949152,0,normal,0.8273607748184055,0.2711535319842961,0.6796660166991721,,
2,2.796610169491525,0,normal,0.3728208232445524,0.2770300844225365,0.5606719664016825,,
2,2.8135593220338984,0,normal,1.1444309927360763,0.2829066368607768,0.4416779161041991,,
2,2.830508474576271,0,normal,1.7446125907990293,0.288783189299017,0.3226838658067158,,
2,2.839176995847513,0,normal,2.051571120814613,0.2917887094679519,0.26182522089357,,
2,2.847457627118645,0,normal,2.773365617433413,0.2946597417372575,0.2612163509471633,,
2,2.864406779661017,0,normal,2.859261501210653,0.3005362941754974,0.2599700897308125,,
2,2.8754,0,normal,2.5814078571428545,0.30434782608694,0.2591617647058873,,
2,2.8813559322033897,0,normal,2.430871670702178,0.2970808479822941,0.2587238285144616,,
2,2.915254237288136,0,normal,2.0026634382566577,0.2557206994071884,0.2562313060817598,,
2,2.9661016949152543,0,normal,1.4032082324455182,0.1936804765445307,0.2524925224327071,,
2,2.9750538574416936,0,normal,1.3353956013077397,0.1827577247657511,0.251834275188116,,
2,3.033898305084745,0,normal,0.8896489104116192,0.1109601793943214,0.2475074775673016,,
2,3.0535714285714284,0,normal,0.7903698979591782,0.0869565217391255,0.2460609243697507,,
2,3.1355932203389827,0,normal,0.376452784503634,0.0869565217391255,0.2400299102691927,,
2,3.1618845421336905,0,normal,0.2880951637578475,0.0869565217391255,0.2380967248431105,,
2,3.23728813559322,0,normal,0.0346852300242126,0.0869565217391255,0.2325523429710867,,
2,3.3035714285714284,0,normal,0.0446277239709442,0.0869565217391255,0.2276785714285718,,
2,3.3389830508474576,0,normal,0.0499394673123489,0.1085114222549681,0.2250747756729816,,
2,3.4506228730213246,0,normal,0.0487433263604863,0.1764660966216657,0.2168659652190215,,
2,3.491525423728813,0,normal,0.0483050847457633,0.2013633014001355,0.213858424725824,,
2,3.517857142857144,0,normal,0.048022959183674,0.217391304347814,0.2119222689075646,,
2,3.6440677966101696,0,normal,0.0466707021791776,0.217391304347814,0.2026420737786664,,
2,3.6607142857142847,0,normal,0.0464923469387763,0.217391304347814,0.2014180672268933,,
2,3.705391988510412,0,normal,0.0460136572659605,0.217391304347814,0.198132942021296,,
2,3.821428571428572,0,normal,0.0447704081632657,0.217391304347814,0.1896008403361376,,
2,3.892222673202409,0,normal,0.0440118999299745,0.217391304347814,0.184395391676297,,
2,3.915254237288136,0,normal,0.0437651331719131,0.217391304347814,0.1827018943170525,,
2,3.9821428571428577,0,normal,0.0430484693877564,0.217391304347814,0.1777836134453823,,
2,4.062068750195136,0,normal,0.0421921205336261,0.217391304347814,0.17190670954448,,
2,4.084745762711864,0,normal,0.0419491525423758,0.217391304347814,0.1702392821535442,,
2,4.178571428571429,0,normal,0.0409438775510225,0.217391304347814,0.1633403361344592,,
2,4.231914827187862,0,normal,0.0403723411372746,0.217391304347814,0.159418027412663,,
2,4.322033898305085,0,normal,0.039406779661018,0.217391304347814,0.1527916251246294,,
2,4.392857142857142,0,normal,0.0386479591836741,0.217391304347814,0.1475840336134468,,
2,4.452714727278405,0,normal,0.0380066279220174,0.1627387272675346,0.1431827406412935,,
2,4.491525423728813,0,normal,0.0375907990314772,0.1273028739867295,0.1403290129611166,,
2,4.535714285714287,0,normal,0.0371173469387762,0.0869565217391255,0.1370798319327731,,
2,4.711864406779661,0,normal,0.035230024213078,0.0869565217391255,0.1241276171485555,,
2,4.741453058166037,0,normal,0.0349130029482235,0.0869565217391255,0.1219519810172045,,
2,4.7546,0,normal,0.0347721428571451,0.0869565217391255,0.1209852941176484,,
2,4.910714285714287,0,normal,0.0330994897959181,0.0869565217391255,0.1095063025210103,,
2,4.915254237288135,0,normal,0.0330508474576269,0.0869565217391255,0.1091724825523451,,
2,4.96225295825658,0,normal,0.032547289732965,0.0869565217391255,0.105716694245842,,
2,5.071428571428571,0,normal,0.0313775510204082,0.0869565217391255,0.0976890756302551,,
2,5.169491525423728,0,normal,0.0303268765133175,0.0869565217391255,0.0904785643070824,,
2,5.183052858347122,0,normal,0.0301815765177097,0.0869565217391255,0.08948140747448,,
2,5.196428571428571,0,normal,0.0300382653061229,0.0869565217391255,0.0884978991596676,,
2,5.3754,0,normal,0.0281207142857158,0.0869565217391255,0.0753382352941223,,
2,5.420837366136937,0,normal,0.0276338853628203,0.3314380384151857,0.071997252489936,,
2,5.457627118644068,0,normal,0.0272397094431013,0.5293899721600523,0.0692921236291178,,
2,5.4642857142857135,0,normal,0.0271683673469407,0.565217391304373,0.0688025210084087,,
2,5.517857142857142,0,normal,0.0265943877551036,0.782608695652186,0.0648634453781571,,
2,5.6254,0,normal,0.0254421428571435,0.956521739130437,0.0569558823529479,,
2,5.641637266227487,0,normal,0.0252681721475632,0.8176334759658888,0.055761965718574,,
2,5.694915254237288,0,normal,0.0246973365617435,0.3619109968298259,0.0518444666002049,,
2,5.732142857142858,0,normal,0.0242984693877553,0.04347826086956,0.0491071428571474,,
2,5.821428571428571,0,normal,0.0233418367346942,0.52173913043475,0.042542016806725,,
2,5.896406381716568,0,normal,0.0225385030530373,0.7651453551378391,0.037028942520841,,
2,5.928571428571429,0,normal,0.022193877551021,0.86956521739131,0.0346638655462191,,
2,6.017857142857142,0,normal,0.0212372448979599,0.34782608695656,0.0280987394957998,,
2,6.049267851010023,0,normal,0.020900701596322,0.5256115949142199,0.025789128602206,,
2,6.050847457627118,0,normal,0.0208837772397103,0.5345522136174542,0.0256729810568313,,
2,6.101694915254237,0,normal,0.0203389830508501,0.8223502803975569,0.0219341974077787,,
2,6.11864406779661,0,normal,3.0201573849878947,0.918282969324256,0.0206879361914278,,
2,6.1254,0,normal,3.020085000000001,0.95652173913044,0.0201911764705903,,
2,6.1681601049049295,0,normal,3.0196268560188773,0.7475183402375367,0.017047051109934,,
2,6.186643354460027,0,normal,3.019428821202216,0.6571756718041922,0.545099753348524,,
2,6.188391769958474,0,normal,3.0194100881790185,0.6486297437091846,0.66261825220893,,
2,6.232142857142858,0,normal,3.018941326530615,0.434782608695684,0.586325354609925,,
2,6.237288135593221,0,normal,3.018886198547218,0.4122328666175693,0.5773530472412518,,
2,6.258827937181929,0,normal,3.018655414958768,0.3178323448722651,0.539792063442505,,
2,6.311280402135566,0,normal,3.0180934242628354,0.0879537158580405,0.06534702925473,,
2,6.321428571428571,0,normal,3.0179846938775534,0.04347826086956,0.1062863372092903,,
2,6.397202535202473,0,normal,3.017172829979976,0.6707549001109206,0.411970401823346,,
2,6.410714285714285,0,normal,3.017028061224492,0.782608695652186,0.4801533385093103,,
2,6.457627118644067,0,normal,3.016525423728816,0.5860902802674518,0.7168846720707354,,
2,6.500608823253927,0,normal,3.0160649054651385,0.4060394081935498,0.933778762996035,,
2,6.545642857142858,0,normal,3.015582397959186,0.217391304347814,1.341347673815291,,
2,6.5892857142857135,0,normal,3.015114795918369,0.6521739130435,1.736326098235894,,
2,6.603765337662743,0,normal,3.0149596570964725,0.6521739130435,1.86737019576009,,
2,6.610169491525423,0,normal,3.0148910411622296,0.6521739130435,2.085482682387593,,
2,6.672702863030378,0,normal,3.014221040753248,0.6521739130435,4.215242436541885,,
2,6.696428571428571,0,normal,3.013966836734696,0.6521739130435,4.863216362126241,,
2,6.754535714285714,0,normal,3.013344260204083,0.04347826086956,6.450183243355424,,
2,6.758624996097288,0,normal,3.013300446470388,0.0673994061263411,6.561865809110486,,
2,6.821428571428571,0,normal,3.012627551020409,0.434782608695684,7.8508954602248835,,
2,6.844297355521559,0,normal,3.012382528333699,0.3791020909040669,8.32027225327047,,
2,6.857142857142858,0,normal,3.012244897959185,0.34782608695656,7.5272727272726945,,
2,6.881355932203389,0,normal,3.011985472154965,0.2888725128960999,6.032511556240365,,
2,6.892857142857142,0,normal,3.011862244897961,0.26086956521738,5.322499999999975,,
2,6.9129851072465565,0,normal,3.011646588136646,0.3098767828611832,4.07992756564363,,
2,6.928970620375284,0,normal,3.0114753147816957,0.3487980322180951,7.725810983795924,,
2,6.960442099347466,0,normal,3.0111381203641363,0.4254242418895133,4.894579077787156,,
2,6.961690967560648,0,normal,3.011124739633281,0.4284649644955239,2.3628737666170245,,
2,6.9642857142857135,0,normal,3.011096938775512,0.434782608695684,3.4468605990780885,,
2,6.975928065190922,0,normal,3.010972199301528,0.3875382861817865,8.310593524618312,,
2,6.991414031034376,0,normal,3.01080627823892,0.3246966856576126,4.780043085953352,,
2,7.006899996877829,0,normal,3.010640357176311,0.2618550851334424,21.2494926472884,,
2,7.017857142857142,0,normal,3.010522959183676,0.217391304347814,19.20068027210893,,
2,7.02263573636392,0,normal,3.010471759967532,0.3046525770802804,18.30715913703208,,
2,7.037622154922102,0,normal,3.0103111911972658,0.5783176116209858,13.600174841549844,,
2,7.053571428571429,0,normal,3.010140306122452,0.86956521739131,12.165348964013049,,
2,7.067796610169491,0,normal,3.0099878934624726,0.8349299926308119,10.88562556604995,,
2,7.070342502107465,0,normal,2.881211223757037,0.8287312992166154,10.65659246308033,,
2,7.084745762711864,0,normal,2.15266343825666,0.7936624907885151,10.149253731343274,,
2,7.101694915254237,0,normal,1.6381961259079922,0.7523949889462184,9.552238805970129,,
2,7.118644067796609,0,normal,0.5237288135593268,0.7111274871039238,8.955223880597012,,
2,7.120547004277372,0,normal,0.5371241271435578,0.7064942504551087,8.888195073214895,,
2,7.142857142857142,0,normal,0.6941715669318642,0.652173913043498,8.497354497354483,,
2,7.152542372881355,0,normal,0.7623486682808718,0.522476050110563,8.32768361581921,,
2,7.169491525423729,0,normal,2.2196731234866824,0.295504789977885,8.030759573132425,,
2,7.178571428571429,0,normal,2.4952806122448923,0.173913043478251,7.871693121693096,,
2,7.186440677966102,0,normal,2.73414043583535,0.2198968312453829,7.733835530445672,,
2,7.203389830508475,0,normal,3.2486077481840177,0.318938835666896,7.43691148775892,,
2,7.220338983050847,0,normal,2.391646489104115,0.4179808400884038,7.139987445072183,,
2,7.255424771301008,0,normal,1.9188654924331967,0.623003880993681,6.525336413874925,,
2,7.267857142857142,0,normal,1.7513392857142809,0.695652173913004,6.452483327483325,,
2,7.271186440677965,0,normal,1.7064769975786902,0.7037281400726508,6.432973805855161,,
2,7.338983050847457,0,normal,1.1929176755447912,0.8681841782327419,6.0356890017907,,
2,7.357082643854007,0,normal,1.07542730726809,0.9120888417657096,5.929626276187207,,
2,7.3754,0,normal,0.9565233673469308,0.956521739130437,5.928279411764708,,
2,7.457627118644067,0,normal,0.4227602905569014,0.4546034718878334,5.922233300099704,,
2,7.517857142857142,0,normal,0.2406505102040788,0.0869565217391255,5.917804621848743,,
2,7.542372881355932,0,normal,0.1665254237288103,0.0869565217391255,5.916001994017949,,
2,7.577882543944557,0,normal,0.0984229636927699,0.0869565217391255,5.913390989415845,,
2,7.627118644067796,0,normal,0.0039951573849883,0.0869565217391255,5.909770687936195,,
2,7.696428571428571,0,normal,0.00325255102041,0.0869565217391255,5.904674369747903,,
2,7.745762711864406,0,normal,0.0027239709443129,0.0869565217391255,5.901046859421739,,
2,7.7477286209372735,0,normal,0.0027029076328178,0.0869565217391255,5.900902307284028,,
2,7.849636267132909,0,normal,0.0016110399950069,0.0869565217391255,5.893409098004938,,
2,7.8754,0,normal,0.0013350000000023,0.0869565217391255,5.891514705882358,,
2,7.915254237288136,0,normal,0.0009079903147721,0.0869565217391255,5.88858424725823,,
2,7.999999999999999,0,normal,3552713678800501.0,0.0869565217391255,5.882352941176476,,
2,8.002497736426362,0,normal,3552713678800501.0,0.0869565217391255,5.882169284086302,,
2,8.04642857142857,0,normal,3552713678800501.0,0.0869565217391255,5.882169284086302,,
